Product_Code,Product_Name,Price,Available_in_Stock,Min_Order_Quantity,Description
DSK-0001,Desk TRÄNHOLM 19,902.78,31,2,"A modern desk named 'Desk TRÄNHOLM 19', designed with style and functionality in mind."
DSK-0002,Desk NORDMARK 476,167.87,94,1,"A modern desk named 'Desk NORDMARK 476', designed with style and functionality in mind."
DSK-0003,Desk VIKTSTA 642,84.27,27,2,"A modern desk named 'Desk VIKTSTA 642', designed with style and functionality in mind."
DSK-0004,Desk SNÖRSUND 966,278.66,83,10,"A modern desk named 'Desk SNÖRSUND 966', designed with style and functionality in mind."
DSK-0005,Desk ÄLVAFORS 685,727.66,0,2,"A modern desk named 'Desk ÄLVAFORS 685', designed with style and functionality in mind."
DSK-0006,Desk BJÖRSTA 16,369.55,27,5,"A modern desk named 'Desk BJÖRSTA 16', designed with style and functionality in mind."
DSK-0007,Desk MÖRKMARK 431,486.92,45,5,"A modern desk named 'Desk MÖRKMARK 431', designed with style and functionality in mind."
DSK-0008,Desk KALLSTA 552,99.97,58,1,"A modern desk named 'Desk KALLSTA 552', designed with style and functionality in mind."
DSK-0009,Desk TRÄNSKÄR 558,684.85,80,5,"A modern desk named 'Desk TRÄNSKÄR 558', designed with style and functionality in mind."
DSK-0010,Desk HEMNSTA 524,129.99,84,2,"A modern desk named 'Desk HEMNSTA 524', designed with style and functionality in mind."
DSK-0011,Desk TRÄNSUND 450,1033.62,12,10,"A modern desk named 'Desk TRÄNSUND 450', designed with style and functionality in mind."
DSK-0012,Desk VALLHOLM 119,781.04,46,2,"A modern desk named 'Desk VALLHOLM 119', designed with style and functionality in mind."
DSK-0013,Desk LUNDMARK 162,290.93,34,1,"A modern desk named 'Desk LUNDMARK 162', designed with style and functionality in mind."
DSK-0014,Desk NORDVIK 644,888.5,20,10,"A modern desk named 'Desk NORDVIK 644', designed with style and functionality in mind."
DSK-0015,Desk MÖRKSKÄR 844,1187.95,81,2,"A modern desk named 'Desk MÖRKSKÄR 844', designed with style and functionality in mind."
DSK-0016,Desk VIKTSKÄR 824,933.56,7,2,"A modern desk named 'Desk VIKTSKÄR 824', designed with style and functionality in mind."
DSK-0017,Desk STRÅTORP 392,412.77,34,1,"A modern desk named 'Desk STRÅTORP 392', designed with style and functionality in mind."
DSK-0018,Desk STRÅFORS 588,1057.82,40,2,"A modern desk named 'Desk STRÅFORS 588', designed with style and functionality in mind."
DSK-0019,Desk NORDVIK 317,1067.39,82,10,"A modern desk named 'Desk NORDVIK 317', designed with style and functionality in mind."
DSK-0020,Desk SNÖRTORP 679,210.57,95,5,"A modern desk named 'Desk SNÖRTORP 679', designed with style and functionality in mind."
DSK-0021,Desk SNÖRSTA 105,509.31,28,2,"A modern desk named 'Desk SNÖRSTA 105', designed with style and functionality in mind."
DSK-0022,Desk STRÅDAL 396,919.15,14,2,"A modern desk named 'Desk STRÅDAL 396', designed with style and functionality in mind."
DSK-0023,Desk MÖRKFORS 67,832.55,76,1,"A modern desk named 'Desk MÖRKFORS 67', designed with style and functionality in mind."
DSK-0024,Desk SNÖRSTA 729,735.27,59,5,"A modern desk named 'Desk SNÖRSTA 729', designed with style and functionality in mind."
DSK-0025,Desk FJÄRTORP 521,878.83,87,5,"A modern desk named 'Desk FJÄRTORP 521', designed with style and functionality in mind."
CHR-0026,Desk STRÅSUND 813,387.53,20,10,"A modern desk named 'Desk STRÅSUND 813', designed with style and functionality in mind."
CHR-0027,Desk VIKTLUND 888,1057.23,33,2,"A modern desk named 'Desk VIKTLUND 888', designed with style and functionality in mind."
CHR-0028,Desk LUNDMARK 951,769.1,81,2,"A modern desk named 'Desk LUNDMARK 951', designed with style and functionality in mind."
CHR-0029,Desk KALLVIK 226,926.89,69,1,"A modern desk named 'Desk KALLVIK 226', designed with style and functionality in mind."
CHR-0030,Desk TRÄNLUND 496,72.4,46,5,"A modern desk named 'Desk TRÄNLUND 496', designed with style and functionality in mind."
CHR-0031,Desk HEMNSTA 956,327,72,1,"A modern desk named 'Desk HEMNSTA 956', designed with style and functionality in mind."
CHR-0032,Desk LUNDSUND 957,608.89,8,2,"A modern desk named 'Desk LUNDSUND 957', designed with style and functionality in mind."
CHR-0033,Desk HEMNMARK 587,596.57,70,2,"A modern desk named 'Desk HEMNMARK 587', designed with style and functionality in mind."
CHR-0034,Desk SNÖRSTA 193,1053.3,54,2,"A modern desk named 'Desk SNÖRSTA 193', designed with style and functionality in mind."
CHR-0035,Desk VIKTSTA 994,408.47,85,5,"A modern desk named 'Desk VIKTSTA 994', designed with style and functionality in mind."
CHR-0036,Desk NORDLUND 157,569.21,31,2,"A modern desk named 'Desk NORDLUND 157', designed with style and functionality in mind."
CHR-0037,Desk VALLDAL 961,74.19,70,2,"A modern desk named 'Desk VALLDAL 961', designed with style and functionality in mind."
CHR-0038,Desk LUNDSKÄR 176,131.64,80,1,"A modern desk named 'Desk LUNDSKÄR 176', designed with style and functionality in mind."
CHR-0039,Desk ÄLVAVIK 590,1091.23,42,1,"A modern desk named 'Desk ÄLVAVIK 590', designed with style and functionality in mind."
CHR-0040,Desk STRÅSUND 928,819.32,27,2,"A modern desk named 'Desk STRÅSUND 928', designed with style and functionality in mind."
CHR-0041,Desk MÖRKBERG 403,952.31,52,2,"A modern desk named 'Desk MÖRKBERG 403', designed with style and functionality in mind."
CHR-0042,Desk VALLHOLM 819,807.83,45,10,"A modern desk named 'Desk VALLHOLM 819', designed with style and functionality in mind."
CHR-0043,Desk TRÄNTORP 522,1043.41,6,1,"A modern desk named 'Desk TRÄNTORP 522', designed with style and functionality in mind."
CHR-0044,Desk TRÄNBERG 64,887.45,13,2,"A modern desk named 'Desk TRÄNBERG 64', designed with style and functionality in mind."
CHR-0045,Desk LUNDDAL 247,666.73,17,10,"A modern desk named 'Desk LUNDDAL 247', designed with style and functionality in mind."
CHR-0046,Desk LUNDBERG 629,582.02,9,10,"A modern desk named 'Desk LUNDBERG 629', designed with style and functionality in mind."
CHR-0047,Desk VALLLUND 987,799.97,69,1,"A modern desk named 'Desk VALLLUND 987', designed with style and functionality in mind."
CHR-0048,Desk ÄLVADAL 802,1026,21,10,"A modern desk named 'Desk ÄLVADAL 802', designed with style and functionality in mind."
CHR-0049,Desk VIKTSTA 659,295.81,51,1,"A modern desk named 'Desk VIKTSTA 659', designed with style and functionality in mind."
CHR-0050,Desk HEMNFORS 512,52.48,49,5,"A modern desk named 'Desk HEMNFORS 512', designed with style and functionality in mind."
DTB-0051,Dining NORDBERG 576,536.46,93,10,"A modern dining named 'Dining NORDBERG 576', designed with style and functionality in mind."
DTB-0052,Dining STRÅDAL 200,391.21,7,1,"A modern dining named 'Dining STRÅDAL 200', designed with style and functionality in mind."
DTB-0053,Dining SNÖRLUND 686,107.66,61,2,"A modern dining named 'Dining SNÖRLUND 686', designed with style and functionality in mind."
DTB-0054,Dining STRÅTORP 800,142.13,23,1,"A modern dining named 'Dining STRÅTORP 800', designed with style and functionality in mind."
DTB-0055,Dining ÄLVASKÄR 827,1041.09,51,1,"A modern dining named 'Dining ÄLVASKÄR 827', designed with style and functionality in mind."
DTB-0056,Dining NORDTORP 94,733.7,79,1,"A modern dining named 'Dining NORDTORP 94', designed with style and functionality in mind."
DTB-0057,Dining HEMNHOLM 399,721.22,66,5,"A modern dining named 'Dining HEMNHOLM 399', designed with style and functionality in mind."
DTB-0058,Dining TRÄNSUND 167,820.18,40,2,"A modern dining named 'Dining TRÄNSUND 167', designed with style and functionality in mind."
DTB-0059,Dining TRÄNDAL 334,200.51,82,5,"A modern dining named 'Dining TRÄNDAL 334', designed with style and functionality in mind."
DTB-0060,Dining VIKTTORP 103,1118.37,9,1,"A modern dining named 'Dining VIKTTORP 103', designed with style and functionality in mind."
DTB-0061,Dining KALLSKÄR 465,1198.22,12,1,"A modern dining named 'Dining KALLSKÄR 465', designed with style and functionality in mind."
DTB-0062,Dining VIKTSKÄR 114,354.98,44,1,"A modern dining named 'Dining VIKTSKÄR 114', designed with style and functionality in mind."
DTB-0063,Dining FJÄRTORP 201,377.74,56,5,"A modern dining named 'Dining FJÄRTORP 201', designed with style and functionality in mind."
DTB-0064,Dining STRÅFORS 580,989.67,38,1,"A modern dining named 'Dining STRÅFORS 580', designed with style and functionality in mind."
DTB-0065,Dining MÖRKMARK 427,182.74,13,2,"A modern dining named 'Dining MÖRKMARK 427', designed with style and functionality in mind."
DTB-0066,Dining LUNDSTA 101,745.55,91,5,"A modern dining named 'Dining LUNDSTA 101', designed with style and functionality in mind."
DTB-0067,Dining VIKTMARK 105,779.37,33,10,"A modern dining named 'Dining VIKTMARK 105', designed with style and functionality in mind."
DTB-0068,Dining ÄLVALUND 813,108.42,81,10,"A modern dining named 'Dining ÄLVALUND 813', designed with style and functionality in mind."
DTB-0069,Dining VIKTDAL 22,54.08,98,2,"A modern dining named 'Dining VIKTDAL 22', designed with style and functionality in mind."
DTB-0070,Dining HEMNDAL 407,902.42,70,10,"A modern dining named 'Dining HEMNDAL 407', designed with style and functionality in mind."
DTB-0071,Dining VALLTORP 752,136.53,88,2,"A modern dining named 'Dining VALLTORP 752', designed with style and functionality in mind."
DTB-0072,Dining MÖRKVIK 595,474.6,70,2,"A modern dining named 'Dining MÖRKVIK 595', designed with style and functionality in mind."
DTB-0073,Dining MÖRKHOLM 711,98.1,46,1,"A modern dining named 'Dining MÖRKHOLM 711', designed with style and functionality in mind."
DTB-0074,Dining STRÅHOLM 152,834.38,85,1,"A modern dining named 'Dining STRÅHOLM 152', designed with style and functionality in mind."
DTB-0075,Dining HEMNSKÄR 284,693.87,52,2,"A modern dining named 'Dining HEMNSKÄR 284', designed with style and functionality in mind."
DCH-0076,Dining BJÖRHOLM 74,236.88,22,10,"A modern dining named 'Dining BJÖRHOLM 74', designed with style and functionality in mind."
DCH-0077,Dining FJÄRDAL 292,897.05,42,10,"A modern dining named 'Dining FJÄRDAL 292', designed with style and functionality in mind."
DCH-0078,Dining STRÅSKÄR 505,233.08,89,1,"A modern dining named 'Dining STRÅSKÄR 505', designed with style and functionality in mind."
DCH-0079,Dining VALLTORP 379,94.53,60,2,"A modern dining named 'Dining VALLTORP 379', designed with style and functionality in mind."
DCH-0080,Dining HEMNVIK 748,1106.22,44,5,"A modern dining named 'Dining HEMNVIK 748', designed with style and functionality in mind."
DCH-0081,Dining SNÖRFORS 618,77.21,24,10,"A modern dining named 'Dining SNÖRFORS 618', designed with style and functionality in mind."
DCH-0082,Dining ÄLVAVIK 478,1044.01,98,5,"A modern dining named 'Dining ÄLVAVIK 478', designed with style and functionality in mind."
DCH-0083,Dining LUNDHOLM 321,635.82,86,5,"A modern dining named 'Dining LUNDHOLM 321', designed with style and functionality in mind."
DCH-0084,Dining KALLDAL 350,1058.59,33,2,"A modern dining named 'Dining KALLDAL 350', designed with style and functionality in mind."
DCH-0085,Dining ÄLVADAL 833,174.66,55,5,"A modern dining named 'Dining ÄLVADAL 833', designed with style and functionality in mind."
DCH-0086,Dining VIKTFORS 352,747.14,65,1,"A modern dining named 'Dining VIKTFORS 352', designed with style and functionality in mind."
DCH-0087,Dining STRÅSUND 618,268.59,5,10,"A modern dining named 'Dining STRÅSUND 618', designed with style and functionality in mind."
DCH-0088,Dining FJÄRSKÄR 338,1114.41,68,2,"A modern dining named 'Dining FJÄRSKÄR 338', designed with style and functionality in mind."
DCH-0089,Dining ÄLVAVIK 500,130.47,85,5,"A modern dining named 'Dining ÄLVAVIK 500', designed with style and functionality in mind."
DCH-0090,Dining VIKTHOLM 997,1025.22,92,5,"A modern dining named 'Dining VIKTHOLM 997', designed with style and functionality in mind."
DCH-0091,Dining STRÅBERG 308,519.65,51,5,"A modern dining named 'Dining STRÅBERG 308', designed with style and functionality in mind."
DCH-0092,Dining TRÄNSUND 512,533.51,48,2,"A modern dining named 'Dining TRÄNSUND 512', designed with style and functionality in mind."
DCH-0093,Dining ÄLVAVIK 343,680.13,0,5,"A modern dining named 'Dining ÄLVAVIK 343', designed with style and functionality in mind."
DCH-0094,Dining STRÅSKÄR 846,544.37,74,5,"A modern dining named 'Dining STRÅSKÄR 846', designed with style and functionality in mind."
DCH-0095,Dining VALLDAL 383,558.48,27,10,"A modern dining named 'Dining VALLDAL 383', designed with style and functionality in mind."
DCH-0096,Dining LUNDLUND 214,147.51,65,5,"A modern dining named 'Dining LUNDLUND 214', designed with style and functionality in mind."
DCH-0097,Dining ÄLVAMARK 194,1144.8,30,5,"A modern dining named 'Dining ÄLVAMARK 194', designed with style and functionality in mind."
DCH-0098,Dining SNÖRMARK 37,279,3,1,"A modern dining named 'Dining SNÖRMARK 37', designed with style and functionality in mind."
DCH-0099,Dining TRÄNFORS 975,752.97,98,1,"A modern dining named 'Dining TRÄNFORS 975', designed with style and functionality in mind."
DCH-0100,Dining TRÄNVIK 458,1069.06,73,2,"A modern dining named 'Dining TRÄNVIK 458', designed with style and functionality in mind."
BSF-0101,Bookshelf VALLSKÄR 861,509.6,18,1,"A modern bookshelf named 'Bookshelf VALLSKÄR 861', designed with style and functionality in mind."
BSF-0102,Bookshelf TRÄNTORP 848,538.92,22,10,"A modern bookshelf named 'Bookshelf TRÄNTORP 848', designed with style and functionality in mind."
BSF-0103,Bookshelf VALLDAL 699,336.58,15,10,"A modern bookshelf named 'Bookshelf VALLDAL 699', designed with style and functionality in mind."
BSF-0104,Bookshelf BJÖRHOLM 658,584.34,67,5,"A modern bookshelf named 'Bookshelf BJÖRHOLM 658', designed with style and functionality in mind."
BSF-0105,Bookshelf HEMNVIK 268,987.26,64,10,"A modern bookshelf named 'Bookshelf HEMNVIK 268', designed with style and functionality in mind."
BSF-0106,Bookshelf SNÖRHOLM 742,905.2,60,10,"A modern bookshelf named 'Bookshelf SNÖRHOLM 742', designed with style and functionality in mind."
BSF-0107,Bookshelf STRÅDAL 85,334.33,81,5,"A modern bookshelf named 'Bookshelf STRÅDAL 85', designed with style and functionality in mind."
BSF-0108,Bookshelf BJÖRLUND 500,325.13,56,1,"A modern bookshelf named 'Bookshelf BJÖRLUND 500', designed with style and functionality in mind."
BSF-0109,Bookshelf ÄLVADAL 557,362.47,40,1,"A modern bookshelf named 'Bookshelf ÄLVADAL 557', designed with style and functionality in mind."
BSF-0110,Bookshelf MÖRKDAL 566,315.95,88,2,"A modern bookshelf named 'Bookshelf MÖRKDAL 566', designed with style and functionality in mind."
BSF-0111,Bookshelf KALLBERG 728,527.1,42,10,"A modern bookshelf named 'Bookshelf KALLBERG 728', designed with style and functionality in mind."
BSF-0112,Bookshelf VALLMARK 618,287.86,53,10,"A modern bookshelf named 'Bookshelf VALLMARK 618', designed with style and functionality in mind."
BSF-0113,Bookshelf SNÖRTORP 121,1062.76,73,10,"A modern bookshelf named 'Bookshelf SNÖRTORP 121', designed with style and functionality in mind."
BSF-0114,Bookshelf VALLVIK 683,1134.15,38,10,"A modern bookshelf named 'Bookshelf VALLVIK 683', designed with style and functionality in mind."
BSF-0115,Bookshelf SNÖRBERG 180,909.64,69,2,"A modern bookshelf named 'Bookshelf SNÖRBERG 180', designed with style and functionality in mind."
BSF-0116,Bookshelf SNÖRLUND 55,363.88,62,1,"A modern bookshelf named 'Bookshelf SNÖRLUND 55', designed with style and functionality in mind."
BSF-0117,Bookshelf ÄLVASUND 703,819.2,51,2,"A modern bookshelf named 'Bookshelf ÄLVASUND 703', designed with style and functionality in mind."
BSF-0118,Bookshelf SNÖRDAL 780,1177.83,68,1,"A modern bookshelf named 'Bookshelf SNÖRDAL 780', designed with style and functionality in mind."
BSF-0119,Bookshelf VIKTDAL 118,699.05,3,1,"A modern bookshelf named 'Bookshelf VIKTDAL 118', designed with style and functionality in mind."
BSF-0120,Bookshelf KALLTORP 274,1046.88,23,1,"A modern bookshelf named 'Bookshelf KALLTORP 274', designed with style and functionality in mind."
BSF-0121,Bookshelf NORDMARK 774,426.46,58,5,"A modern bookshelf named 'Bookshelf NORDMARK 774', designed with style and functionality in mind."
BSF-0122,Bookshelf MÖRKMARK 604,1061.59,35,10,"A modern bookshelf named 'Bookshelf MÖRKMARK 604', designed with style and functionality in mind."
BSF-0123,Bookshelf TRÄNLUND 236,144.19,2,1,"A modern bookshelf named 'Bookshelf TRÄNLUND 236', designed with style and functionality in mind."
BSF-0124,Bookshelf BJÖRBERG 410,797.67,99,1,"A modern bookshelf named 'Bookshelf BJÖRBERG 410', designed with style and functionality in mind."
BSF-0125,Bookshelf BJÖRSUND 612,279.26,2,2,"A modern bookshelf named 'Bookshelf BJÖRSUND 612', designed with style and functionality in mind."
SFA-0126,Sofa TRÄNMARK 164,594.6,14,2,"A modern sofa named 'Sofa TRÄNMARK 164', designed with style and functionality in mind."
SFA-0127,Sofa VIKTSTA 504,344.68,47,2,"A modern sofa named 'Sofa VIKTSTA 504', designed with style and functionality in mind."
SFA-0128,Sofa LUNDSKÄR 435,992.2,39,1,"A modern sofa named 'Sofa LUNDSKÄR 435', designed with style and functionality in mind."
SFA-0129,Sofa LUNDTORP 861,712.17,48,10,"A modern sofa named 'Sofa LUNDTORP 861', designed with style and functionality in mind."
SFA-0130,Sofa TRÄNHOLM 366,730.91,80,2,"A modern sofa named 'Sofa TRÄNHOLM 366', designed with style and functionality in mind."
SFA-0131,Sofa HEMNBERG 476,938.35,87,1,"A modern sofa named 'Sofa HEMNBERG 476', designed with style and functionality in mind."
SFA-0132,Sofa VALLVIK 543,662.66,84,5,"A modern sofa named 'Sofa VALLVIK 543', designed with style and functionality in mind."
SFA-0133,Sofa BJÖRBERG 497,794.67,1,10,"A modern sofa named 'Sofa BJÖRBERG 497', designed with style and functionality in mind."
SFA-0134,Sofa LUNDFORS 749,548.55,46,10,"A modern sofa named 'Sofa LUNDFORS 749', designed with style and functionality in mind."
SFA-0135,Sofa TRÄNFORS 336,252.56,66,5,"A modern sofa named 'Sofa TRÄNFORS 336', designed with style and functionality in mind."
SFA-0136,Sofa LUNDSKÄR 55,550.91,93,5,"A modern sofa named 'Sofa LUNDSKÄR 55', designed with style and functionality in mind."
SFA-0137,Sofa VALLTORP 33,332.32,11,5,"A modern sofa named 'Sofa VALLTORP 33', designed with style and functionality in mind."
SFA-0138,Sofa VIKTSUND 121,913.05,72,10,"A modern sofa named 'Sofa VIKTSUND 121', designed with style and functionality in mind."
SFA-0139,Sofa SNÖRHOLM 962,618.45,41,2,"A modern sofa named 'Sofa SNÖRHOLM 962', designed with style and functionality in mind."
SFA-0140,Sofa TRÄNVIK 538,458.05,33,5,"A modern sofa named 'Sofa TRÄNVIK 538', designed with style and functionality in mind."
SFA-0141,Sofa FJÄRMARK 173,856.36,35,1,"A modern sofa named 'Sofa FJÄRMARK 173', designed with style and functionality in mind."
SFA-0142,Sofa VIKTMARK 446,327.56,52,10,"A modern sofa named 'Sofa VIKTMARK 446', designed with style and functionality in mind."
SFA-0143,Sofa BJÖRVIK 826,597.51,91,10,"A modern sofa named 'Sofa BJÖRVIK 826', designed with style and functionality in mind."
SFA-0144,Sofa STRÅSUND 198,69.83,37,2,"A modern sofa named 'Sofa STRÅSUND 198', designed with style and functionality in mind."
SFA-0145,Sofa FJÄRSUND 683,329.8,84,5,"A modern sofa named 'Sofa FJÄRSUND 683', designed with style and functionality in mind."
SFA-0146,Sofa STRÅDAL 39,660.56,54,5,"A modern sofa named 'Sofa STRÅDAL 39', designed with style and functionality in mind."
SFA-0147,Sofa TRÄNLUND 914,571.81,39,5,"A modern sofa named 'Sofa TRÄNLUND 914', designed with style and functionality in mind."
SFA-0148,Sofa NORDFORS 616,879.48,40,1,"A modern sofa named 'Sofa NORDFORS 616', designed with style and functionality in mind."
SFA-0149,Sofa STRÅDAL 14,298.84,61,5,"A modern sofa named 'Sofa STRÅDAL 14', designed with style and functionality in mind."
SFA-0150,Sofa TRÄNVIK 220,1007.52,37,2,"A modern sofa named 'Sofa TRÄNVIK 220', designed with style and functionality in mind."
CFT-0151,Coffee HEMNTORP 601,397.61,90,2,"A modern coffee named 'Coffee HEMNTORP 601', designed with style and functionality in mind."
CFT-0152,Coffee LUNDMARK 201,1170.44,70,5,"A modern coffee named 'Coffee LUNDMARK 201', designed with style and functionality in mind."
CFT-0153,Coffee VIKTBERG 211,1048.73,62,1,"A modern coffee named 'Coffee VIKTBERG 211', designed with style and functionality in mind."
CFT-0154,Coffee BJÖRTORP 278,376.99,61,10,"A modern coffee named 'Coffee BJÖRTORP 278', designed with style and functionality in mind."
CFT-0155,Coffee SNÖRFORS 550,1160.32,32,10,"A modern coffee named 'Coffee SNÖRFORS 550', designed with style and functionality in mind."
CFT-0156,Coffee SNÖRBERG 621,125.14,62,1,"A modern coffee named 'Coffee SNÖRBERG 621', designed with style and functionality in mind."
CFT-0157,Coffee STRÅLUND 411,221.58,72,5,"A modern coffee named 'Coffee STRÅLUND 411', designed with style and functionality in mind."
CFT-0158,Coffee ÄLVATORP 366,186.22,97,10,"A modern coffee named 'Coffee ÄLVATORP 366', designed with style and functionality in mind."
CFT-0159,Coffee VIKTFORS 642,650.96,57,10,"A modern coffee named 'Coffee VIKTFORS 642', designed with style and functionality in mind."
CFT-0160,Coffee FJÄRSUND 732,726.8,54,5,"A modern coffee named 'Coffee FJÄRSUND 732', designed with style and functionality in mind."
CFT-0161,Coffee VALLSKÄR 950,1154.13,12,2,"A modern coffee named 'Coffee VALLSKÄR 950', designed with style and functionality in mind."
CFT-0162,Coffee ÄLVALUND 96,809.49,20,2,"A modern coffee named 'Coffee ÄLVALUND 96', designed with style and functionality in mind."
CFT-0163,Coffee SNÖRHOLM 330,136.32,0,10,"A modern coffee named 'Coffee SNÖRHOLM 330', designed with style and functionality in mind."
CFT-0164,Coffee LUNDVIK 322,732.88,37,1,"A modern coffee named 'Coffee LUNDVIK 322', designed with style and functionality in mind."
CFT-0165,Coffee LUNDHOLM 392,863,89,10,"A modern coffee named 'Coffee LUNDHOLM 392', designed with style and functionality in mind."
CFT-0166,Coffee TRÄNHOLM 533,318.44,33,2,"A modern coffee named 'Coffee TRÄNHOLM 533', designed with style and functionality in mind."
CFT-0167,Coffee STRÅDAL 620,676.25,82,2,"A modern coffee named 'Coffee STRÅDAL 620', designed with style and functionality in mind."
CFT-0168,Coffee FJÄRLUND 402,213.57,7,2,"A modern coffee named 'Coffee FJÄRLUND 402', designed with style and functionality in mind."
CFT-0169,Coffee STRÅHOLM 508,911.3,72,5,"A modern coffee named 'Coffee STRÅHOLM 508', designed with style and functionality in mind."
CFT-0170,Coffee SNÖRMARK 720,589,38,10,"A modern coffee named 'Coffee SNÖRMARK 720', designed with style and functionality in mind."
CFT-0171,Coffee SNÖRHOLM 578,670.98,56,1,"A modern coffee named 'Coffee SNÖRHOLM 578', designed with style and functionality in mind."
CFT-0172,Coffee FJÄRFORS 305,894.71,77,5,"A modern coffee named 'Coffee FJÄRFORS 305', designed with style and functionality in mind."
CFT-0173,Coffee FJÄRHOLM 332,313.26,86,1,"A modern coffee named 'Coffee FJÄRHOLM 332', designed with style and functionality in mind."
CFT-0174,Coffee BJÖRLUND 64,96.27,96,2,"A modern coffee named 'Coffee BJÖRLUND 64', designed with style and functionality in mind."
CFT-0175,Coffee VIKTSTA 506,799.24,35,2,"A modern coffee named 'Coffee VIKTSTA 506', designed with style and functionality in mind."
TVS-0176,TV FJÄRVIK 844,986.38,11,10,"A modern tv named 'TV FJÄRVIK 844', designed with style and functionality in mind."
TVS-0177,TV STRÅMARK 527,433.3,85,1,"A modern tv named 'TV STRÅMARK 527', designed with style and functionality in mind."
TVS-0178,TV SNÖRFORS 428,523.39,63,5,"A modern tv named 'TV SNÖRFORS 428', designed with style and functionality in mind."
TVS-0179,TV SNÖRFORS 435,924.57,4,10,"A modern tv named 'TV SNÖRFORS 435', designed with style and functionality in mind."
TVS-0180,TV TRÄNFORS 510,340.26,14,10,"A modern tv named 'TV TRÄNFORS 510', designed with style and functionality in mind."
TVS-0181,TV FJÄRTORP 588,1049.77,59,10,"A modern tv named 'TV FJÄRTORP 588', designed with style and functionality in mind."
TVS-0182,TV KALLVIK 309,646.21,79,10,"A modern tv named 'TV KALLVIK 309', designed with style and functionality in mind."
TVS-0183,TV KALLSKÄR 240,109.35,34,2,"A modern tv named 'TV KALLSKÄR 240', designed with style and functionality in mind."
TVS-0184,TV MÖRKSKÄR 182,1062.97,62,1,"A modern tv named 'TV MÖRKSKÄR 182', designed with style and functionality in mind."
TVS-0185,TV VALLFORS 589,750.2,30,2,"A modern tv named 'TV VALLFORS 589', designed with style and functionality in mind."
TVS-0186,TV TRÄNFORS 572,65.73,52,1,"A modern tv named 'TV TRÄNFORS 572', designed with style and functionality in mind."
TVS-0187,TV MÖRKTORP 596,1099.87,59,1,"A modern tv named 'TV MÖRKTORP 596', designed with style and functionality in mind."
TVS-0188,TV LUNDSKÄR 803,1122.55,37,5,"A modern tv named 'TV LUNDSKÄR 803', designed with style and functionality in mind."
TVS-0189,TV MÖRKBERG 565,604.87,60,2,"A modern tv named 'TV MÖRKBERG 565', designed with style and functionality in mind."
TVS-0190,TV VALLSTA 788,216.34,24,2,"A modern tv named 'TV VALLSTA 788', designed with style and functionality in mind."
TVS-0191,TV TRÄNFORS 569,938.58,53,5,"A modern tv named 'TV TRÄNFORS 569', designed with style and functionality in mind."
TVS-0192,TV NORDDAL 114,52.95,92,5,"A modern tv named 'TV NORDDAL 114', designed with style and functionality in mind."
TVS-0193,TV TRÄNSUND 779,220.88,68,10,"A modern tv named 'TV TRÄNSUND 779', designed with style and functionality in mind."
TVS-0194,TV NORDSKÄR 905,684.71,69,10,"A modern tv named 'TV NORDSKÄR 905', designed with style and functionality in mind."
TVS-0195,TV KALLFORS 279,1050.04,89,2,"A modern tv named 'TV KALLFORS 279', designed with style and functionality in mind."
TVS-0196,TV VIKTTORP 459,1034.41,52,1,"A modern tv named 'TV VIKTTORP 459', designed with style and functionality in mind."
TVS-0197,TV LUNDVIK 224,593.92,48,10,"A modern tv named 'TV LUNDVIK 224', designed with style and functionality in mind."
TVS-0198,TV VALLLUND 715,1159.55,16,5,"A modern tv named 'TV VALLLUND 715', designed with style and functionality in mind."
TVS-0199,TV VIKTLUND 657,1021.8,12,10,"A modern tv named 'TV VIKTLUND 657', designed with style and functionality in mind."
TVS-0200,TV STRÅHOLM 640,215.78,83,2,"A modern tv named 'TV STRÅHOLM 640', designed with style and functionality in mind."
BDF-0201,Bed FJÄRVIK 843,948.75,33,5,"A modern bed named 'Bed FJÄRVIK 843', designed with style and functionality in mind."
BDF-0202,Bed NORDSTA 593,142.36,42,10,"A modern bed named 'Bed NORDSTA 593', designed with style and functionality in mind."
BDF-0203,Bed VIKTMARK 297,876.53,97,10,"A modern bed named 'Bed VIKTMARK 297', designed with style and functionality in mind."
BDF-0204,Bed ÄLVAMARK 182,128.68,80,5,"A modern bed named 'Bed ÄLVAMARK 182', designed with style and functionality in mind."
BDF-0205,Bed VIKTSKÄR 306,153.94,12,1,"A modern bed named 'Bed VIKTSKÄR 306', designed with style and functionality in mind."
BDF-0206,Bed ÄLVASKÄR 985,848.1,3,1,"A modern bed named 'Bed ÄLVASKÄR 985', designed with style and functionality in mind."
BDF-0207,Bed MÖRKSUND 844,114.54,45,5,"A modern bed named 'Bed MÖRKSUND 844', designed with style and functionality in mind."
BDF-0208,Bed LUNDHOLM 995,330.83,52,2,"A modern bed named 'Bed LUNDHOLM 995', designed with style and functionality in mind."
BDF-0209,Bed VALLDAL 950,140.81,48,2,"A modern bed named 'Bed VALLDAL 950', designed with style and functionality in mind."
BDF-0210,Bed KALLSKÄR 897,214.59,59,5,"A modern bed named 'Bed KALLSKÄR 897', designed with style and functionality in mind."
BDF-0211,Bed SNÖRHOLM 728,816.87,59,5,"A modern bed named 'Bed SNÖRHOLM 728', designed with style and functionality in mind."
BDF-0212,Bed FJÄRVIK 159,557.99,44,5,"A modern bed named 'Bed FJÄRVIK 159', designed with style and functionality in mind."
BDF-0213,Bed TRÄNBERG 858,337.61,38,2,"A modern bed named 'Bed TRÄNBERG 858', designed with style and functionality in mind."
BDF-0214,Bed NORDSUND 412,605.69,30,10,"A modern bed named 'Bed NORDSUND 412', designed with style and functionality in mind."
BDF-0215,Bed BJÖRHOLM 601,390.25,89,5,"A modern bed named 'Bed BJÖRHOLM 601', designed with style and functionality in mind."
BDF-0216,Bed SNÖRSKÄR 652,806.96,35,1,"A modern bed named 'Bed SNÖRSKÄR 652', designed with style and functionality in mind."
BDF-0217,Bed STRÅDAL 472,906.95,36,2,"A modern bed named 'Bed STRÅDAL 472', designed with style and functionality in mind."
BDF-0218,Bed LUNDSUND 823,782.11,79,5,"A modern bed named 'Bed LUNDSUND 823', designed with style and functionality in mind."
BDF-0219,Bed VALLTORP 422,161.74,80,1,"A modern bed named 'Bed VALLTORP 422', designed with style and functionality in mind."
BDF-0220,Bed MÖRKSKÄR 721,556.95,74,5,"A modern bed named 'Bed MÖRKSKÄR 721', designed with style and functionality in mind."
BDF-0221,Bed VIKTFORS 983,1096.07,41,10,"A modern bed named 'Bed VIKTFORS 983', designed with style and functionality in mind."
BDF-0222,Bed BJÖRBERG 605,201.98,69,5,"A modern bed named 'Bed BJÖRBERG 605', designed with style and functionality in mind."
BDF-0223,Bed KALLTORP 758,239.23,61,5,"A modern bed named 'Bed KALLTORP 758', designed with style and functionality in mind."
BDF-0224,Bed BJÖRSUND 690,182.45,9,2,"A modern bed named 'Bed BJÖRSUND 690', designed with style and functionality in mind."
BDF-0225,Bed TRÄNBERG 880,827.77,86,10,"A modern bed named 'Bed TRÄNBERG 880', designed with style and functionality in mind."
NST-0226,Nightstand LUNDMARK 417,959.28,1,5,"A modern nightstand named 'Nightstand LUNDMARK 417', designed with style and functionality in mind."
NST-0227,Nightstand NORDDAL 854,473.87,95,5,"A modern nightstand named 'Nightstand NORDDAL 854', designed with style and functionality in mind."
NST-0228,Nightstand NORDFORS 284,784.33,47,1,"A modern nightstand named 'Nightstand NORDFORS 284', designed with style and functionality in mind."
NST-0229,Nightstand VIKTSKÄR 355,78.78,71,5,"A modern nightstand named 'Nightstand VIKTSKÄR 355', designed with style and functionality in mind."
NST-0230,Nightstand MÖRKLUND 143,122.7,59,5,"A modern nightstand named 'Nightstand MÖRKLUND 143', designed with style and functionality in mind."
NST-0231,Nightstand ÄLVAFORS 817,210.74,4,5,"A modern nightstand named 'Nightstand ÄLVAFORS 817', designed with style and functionality in mind."
NST-0232,Nightstand VIKTSUND 790,161.77,68,2,"A modern nightstand named 'Nightstand VIKTSUND 790', designed with style and functionality in mind."
NST-0233,Nightstand KALLSTA 111,476.66,95,10,"A modern nightstand named 'Nightstand KALLSTA 111', designed with style and functionality in mind."
NST-0234,Nightstand SNÖRFORS 26,803.16,62,10,"A modern nightstand named 'Nightstand SNÖRFORS 26', designed with style and functionality in mind."
NST-0235,Nightstand LUNDHOLM 461,843.82,27,10,"A modern nightstand named 'Nightstand LUNDHOLM 461', designed with style and functionality in mind."
NST-0236,Nightstand BJÖRSTA 991,1033.77,12,5,"A modern nightstand named 'Nightstand BJÖRSTA 991', designed with style and functionality in mind."
NST-0237,Nightstand STRÅVIK 715,507.86,24,1,"A modern nightstand named 'Nightstand STRÅVIK 715', designed with style and functionality in mind."
NST-0238,Nightstand FJÄRSUND 319,812.18,82,1,"A modern nightstand named 'Nightstand FJÄRSUND 319', designed with style and functionality in mind."
NST-0239,Nightstand FJÄRSKÄR 105,433.54,16,2,"A modern nightstand named 'Nightstand FJÄRSKÄR 105', designed with style and functionality in mind."
NST-0240,Nightstand SNÖRBERG 266,929.93,26,2,"A modern nightstand named 'Nightstand SNÖRBERG 266', designed with style and functionality in mind."
NST-0241,Nightstand LUNDBERG 690,940.52,100,1,"A modern nightstand named 'Nightstand LUNDBERG 690', designed with style and functionality in mind."
NST-0242,Nightstand SNÖRHOLM 63,1181.63,16,5,"A modern nightstand named 'Nightstand SNÖRHOLM 63', designed with style and functionality in mind."
NST-0243,Nightstand STRÅSUND 322,810.22,3,2,"A modern nightstand named 'Nightstand STRÅSUND 322', designed with style and functionality in mind."
NST-0244,Nightstand TRÄNVIK 449,958.48,30,5,"A modern nightstand named 'Nightstand TRÄNVIK 449', designed with style and functionality in mind."
NST-0245,Nightstand SNÖRTORP 730,355.17,16,10,"A modern nightstand named 'Nightstand SNÖRTORP 730', designed with style and functionality in mind."
NST-0246,Nightstand LUNDSTA 228,123.09,57,5,"A modern nightstand named 'Nightstand LUNDSTA 228', designed with style and functionality in mind."
NST-0247,Nightstand BJÖRTORP 145,629.41,78,1,"A modern nightstand named 'Nightstand BJÖRTORP 145', designed with style and functionality in mind."
NST-0248,Nightstand ÄLVAVIK 541,789.84,3,1,"A modern nightstand named 'Nightstand ÄLVAVIK 541', designed with style and functionality in mind."
NST-0249,Nightstand SNÖRFORS 19,511.86,87,1,"A modern nightstand named 'Nightstand SNÖRFORS 19', designed with style and functionality in mind."
NST-0250,Nightstand KALLBERG 846,1096.16,9,1,"A modern nightstand named 'Nightstand KALLBERG 846', designed with style and functionality in mind."
WRD-0251,Wardrobe LUNDDAL 720,220.58,16,5,"A modern wardrobe named 'Wardrobe LUNDDAL 720', designed with style and functionality in mind."
WRD-0252,Wardrobe FJÄRFORS 82,1193.82,67,5,"A modern wardrobe named 'Wardrobe FJÄRFORS 82', designed with style and functionality in mind."
WRD-0253,Wardrobe NORDDAL 101,746.24,12,1,"A modern wardrobe named 'Wardrobe NORDDAL 101', designed with style and functionality in mind."
WRD-0254,Wardrobe TRÄNTORP 115,569.29,29,10,"A modern wardrobe named 'Wardrobe TRÄNTORP 115', designed with style and functionality in mind."
WRD-0255,Wardrobe VIKTBERG 912,571.52,53,1,"A modern wardrobe named 'Wardrobe VIKTBERG 912', designed with style and functionality in mind."
WRD-0256,Wardrobe HEMNHOLM 401,409.4,32,5,"A modern wardrobe named 'Wardrobe HEMNHOLM 401', designed with style and functionality in mind."
WRD-0257,Wardrobe VALLHOLM 666,1111.43,8,1,"A modern wardrobe named 'Wardrobe VALLHOLM 666', designed with style and functionality in mind."
WRD-0258,Wardrobe SNÖRHOLM 80,546.66,95,5,"A modern wardrobe named 'Wardrobe SNÖRHOLM 80', designed with style and functionality in mind."
WRD-0259,Wardrobe MÖRKLUND 18,118.98,71,5,"A modern wardrobe named 'Wardrobe MÖRKLUND 18', designed with style and functionality in mind."
WRD-0260,Wardrobe ÄLVASUND 178,456.64,85,10,"A modern wardrobe named 'Wardrobe ÄLVASUND 178', designed with style and functionality in mind."
WRD-0261,Wardrobe BJÖRBERG 749,740.47,45,1,"A modern wardrobe named 'Wardrobe BJÖRBERG 749', designed with style and functionality in mind."
WRD-0262,Wardrobe NORDSUND 776,805.25,28,1,"A modern wardrobe named 'Wardrobe NORDSUND 776', designed with style and functionality in mind."
WRD-0263,Wardrobe FJÄRDAL 640,689.71,14,5,"A modern wardrobe named 'Wardrobe FJÄRDAL 640', designed with style and functionality in mind."
WRD-0264,Wardrobe SNÖRFORS 890,543.48,71,1,"A modern wardrobe named 'Wardrobe SNÖRFORS 890', designed with style and functionality in mind."
WRD-0265,Wardrobe NORDTORP 928,257.48,89,5,"A modern wardrobe named 'Wardrobe NORDTORP 928', designed with style and functionality in mind."
WRD-0266,Wardrobe LUNDHOLM 780,57.02,18,10,"A modern wardrobe named 'Wardrobe LUNDHOLM 780', designed with style and functionality in mind."
WRD-0267,Wardrobe LUNDLUND 757,902.11,3,1,"A modern wardrobe named 'Wardrobe LUNDLUND 757', designed with style and functionality in mind."
WRD-0268,Wardrobe STRÅBERG 996,532.81,43,2,"A modern wardrobe named 'Wardrobe STRÅBERG 996', designed with style and functionality in mind."
WRD-0269,Wardrobe STRÅBERG 820,879.84,99,1,"A modern wardrobe named 'Wardrobe STRÅBERG 820', designed with style and functionality in mind."
WRD-0270,Wardrobe FJÄRVIK 293,231.02,79,1,"A modern wardrobe named 'Wardrobe FJÄRVIK 293', designed with style and functionality in mind."
WRD-0271,Wardrobe SNÖRTORP 264,559.58,54,10,"A modern wardrobe named 'Wardrobe SNÖRTORP 264', designed with style and functionality in mind."
WRD-0272,Wardrobe MÖRKLUND 624,364.14,96,1,"A modern wardrobe named 'Wardrobe MÖRKLUND 624', designed with style and functionality in mind."
WRD-0273,Wardrobe TRÄNLUND 301,177.52,86,10,"A modern wardrobe named 'Wardrobe TRÄNLUND 301', designed with style and functionality in mind."
WRD-0274,Wardrobe VALLSTA 878,303.6,76,1,"A modern wardrobe named 'Wardrobe VALLSTA 878', designed with style and functionality in mind."
WRD-0275,Wardrobe SNÖRSKÄR 220,396.63,27,2,"A modern wardrobe named 'Wardrobe SNÖRSKÄR 220', designed with style and functionality in mind."
BST-0276,Bar MÖRKLUND 531,427.34,0,10,"A modern bar named 'Bar MÖRKLUND 531', designed with style and functionality in mind."
BST-0277,Bar NORDDAL 312,198.56,68,2,"A modern bar named 'Bar NORDDAL 312', designed with style and functionality in mind."
BST-0278,Bar SNÖRSTA 812,506.63,94,1,"A modern bar named 'Bar SNÖRSTA 812', designed with style and functionality in mind."
BST-0279,Bar VALLVIK 516,578.72,9,5,"A modern bar named 'Bar VALLVIK 516', designed with style and functionality in mind."
BST-0280,Bar STRÅTORP 256,515.09,81,10,"A modern bar named 'Bar STRÅTORP 256', designed with style and functionality in mind."
BST-0281,Bar BJÖRSUND 618,515.79,41,2,"A modern bar named 'Bar BJÖRSUND 618', designed with style and functionality in mind."
BST-0282,Bar LUNDMARK 920,843.05,46,1,"A modern bar named 'Bar LUNDMARK 920', designed with style and functionality in mind."
BST-0283,Bar KALLBERG 966,171.74,55,10,"A modern bar named 'Bar KALLBERG 966', designed with style and functionality in mind."
BST-0284,Bar VIKTHOLM 406,1051.1,95,5,"A modern bar named 'Bar VIKTHOLM 406', designed with style and functionality in mind."
BST-0285,Bar ÄLVADAL 384,945.99,9,1,"A modern bar named 'Bar ÄLVADAL 384', designed with style and functionality in mind."
BST-0286,Bar MÖRKSUND 186,451.78,93,2,"A modern bar named 'Bar MÖRKSUND 186', designed with style and functionality in mind."
BST-0287,Bar VALLFORS 987,218.41,25,2,"A modern bar named 'Bar VALLFORS 987', designed with style and functionality in mind."
BST-0288,Bar VALLTORP 27,923.03,9,2,"A modern bar named 'Bar VALLTORP 27', designed with style and functionality in mind."
BST-0289,Bar ÄLVATORP 24,917.61,97,10,"A modern bar named 'Bar ÄLVATORP 24', designed with style and functionality in mind."
BST-0290,Bar HEMNVIK 50,1166.62,40,2,"A modern bar named 'Bar HEMNVIK 50', designed with style and functionality in mind."
BST-0291,Bar KALLDAL 528,589.26,80,5,"A modern bar named 'Bar KALLDAL 528', designed with style and functionality in mind."
BST-0292,Bar HEMNSUND 739,114.6,64,1,"A modern bar named 'Bar HEMNSUND 739', designed with style and functionality in mind."
BST-0293,Bar MÖRKDAL 443,569.7,7,5,"A modern bar named 'Bar MÖRKDAL 443', designed with style and functionality in mind."
BST-0294,Bar TRÄNDAL 94,791.37,11,10,"A modern bar named 'Bar TRÄNDAL 94', designed with style and functionality in mind."
BST-0295,Bar SNÖRMARK 560,687.46,94,1,"A modern bar named 'Bar SNÖRMARK 560', designed with style and functionality in mind."
BST-0296,Bar ÄLVAHOLM 294,707.41,24,5,"A modern bar named 'Bar ÄLVAHOLM 294', designed with style and functionality in mind."
BST-0297,Bar LUNDSKÄR 90,223.49,7,10,"A modern bar named 'Bar LUNDSKÄR 90', designed with style and functionality in mind."
BST-0298,Bar MÖRKVIK 837,1084,43,1,"A modern bar named 'Bar MÖRKVIK 837', designed with style and functionality in mind."
BST-0299,Bar FJÄRMARK 344,334.91,56,10,"A modern bar named 'Bar FJÄRMARK 344', designed with style and functionality in mind."
BST-0300,Bar STRÅLUND 659,478.78,36,10,"A modern bar named 'Bar STRÅLUND 659', designed with style and functionality in mind."
SDB-0301,Sideboard VALLSUND 707,439.12,76,1,"A modern sideboard named 'Sideboard VALLSUND 707', designed with style and functionality in mind."
SDB-0302,Sideboard SNÖRTORP 327,429.14,71,10,"A modern sideboard named 'Sideboard SNÖRTORP 327', designed with style and functionality in mind."
SDB-0303,Sideboard TRÄNDAL 757,882.29,84,2,"A modern sideboard named 'Sideboard TRÄNDAL 757', designed with style and functionality in mind."
SDB-0304,Sideboard NORDSTA 260,720.15,18,5,"A modern sideboard named 'Sideboard NORDSTA 260', designed with style and functionality in mind."
SDB-0305,Sideboard LUNDDAL 128,853.25,50,2,"A modern sideboard named 'Sideboard LUNDDAL 128', designed with style and functionality in mind."
SDB-0306,Sideboard BJÖRLUND 633,692.76,82,5,"A modern sideboard named 'Sideboard BJÖRLUND 633', designed with style and functionality in mind."
SDB-0307,Sideboard KALLSKÄR 692,858.26,94,1,"A modern sideboard named 'Sideboard KALLSKÄR 692', designed with style and functionality in mind."
SDB-0308,Sideboard TRÄNSUND 768,466.1,46,5,"A modern sideboard named 'Sideboard TRÄNSUND 768', designed with style and functionality in mind."
SDB-0309,Sideboard FJÄRTORP 22,442.99,98,10,"A modern sideboard named 'Sideboard FJÄRTORP 22', designed with style and functionality in mind."
SDB-0310,Sideboard TRÄNHOLM 728,1199.97,19,1,"A modern sideboard named 'Sideboard TRÄNHOLM 728', designed with style and functionality in mind."
SDB-0311,Sideboard KALLHOLM 518,956.34,64,1,"A modern sideboard named 'Sideboard KALLHOLM 518', designed with style and functionality in mind."
SDB-0312,Sideboard VIKTMARK 539,931.25,16,10,"A modern sideboard named 'Sideboard VIKTMARK 539', designed with style and functionality in mind."
SDB-0313,Sideboard VALLSKÄR 180,257.97,88,2,"A modern sideboard named 'Sideboard VALLSKÄR 180', designed with style and functionality in mind."
SDB-0314,Sideboard VIKTHOLM 777,522.49,86,2,"A modern sideboard named 'Sideboard VIKTHOLM 777', designed with style and functionality in mind."
SDB-0315,Sideboard VALLSKÄR 760,377.67,95,10,"A modern sideboard named 'Sideboard VALLSKÄR 760', designed with style and functionality in mind."
SDB-0316,Sideboard LUNDSTA 353,325.04,100,10,"A modern sideboard named 'Sideboard LUNDSTA 353', designed with style and functionality in mind."
SDB-0317,Sideboard VALLDAL 288,830.05,73,10,"A modern sideboard named 'Sideboard VALLDAL 288', designed with style and functionality in mind."
SDB-0318,Sideboard MÖRKTORP 279,374.04,48,10,"A modern sideboard named 'Sideboard MÖRKTORP 279', designed with style and functionality in mind."
SDB-0319,Sideboard TRÄNLUND 652,279.65,77,2,"A modern sideboard named 'Sideboard TRÄNLUND 652', designed with style and functionality in mind."
SDB-0320,Sideboard LUNDFORS 476,787.36,47,1,"A modern sideboard named 'Sideboard LUNDFORS 476', designed with style and functionality in mind."
SDB-0321,Sideboard MÖRKBERG 66,146.46,20,5,"A modern sideboard named 'Sideboard MÖRKBERG 66', designed with style and functionality in mind."
SDB-0322,Sideboard BJÖRLUND 180,219.45,55,1,"A modern sideboard named 'Sideboard BJÖRLUND 180', designed with style and functionality in mind."
SDB-0323,Sideboard VIKTHOLM 271,568.8,44,1,"A modern sideboard named 'Sideboard VIKTHOLM 271', designed with style and functionality in mind."
SDB-0324,Sideboard VALLTORP 925,505.92,47,2,"A modern sideboard named 'Sideboard VALLTORP 925', designed with style and functionality in mind."
SDB-0325,Sideboard ÄLVASUND 750,481.15,3,5,"A modern sideboard named 'Sideboard ÄLVASUND 750', designed with style and functionality in mind."
OFC-0326,Office LUNDVIK 768,871.91,42,2,"A modern office named 'Office LUNDVIK 768', designed with style and functionality in mind."
OFC-0327,Office MÖRKSTA 55,379.91,60,2,"A modern office named 'Office MÖRKSTA 55', designed with style and functionality in mind."
OFC-0328,Office KALLVIK 57,757.65,10,1,"A modern office named 'Office KALLVIK 57', designed with style and functionality in mind."
OFC-0329,Office BJÖRBERG 402,1010.21,70,10,"A modern office named 'Office BJÖRBERG 402', designed with style and functionality in mind."
OFC-0330,Office FJÄRHOLM 963,381.32,38,1,"A modern office named 'Office FJÄRHOLM 963', designed with style and functionality in mind."
OFC-0331,Office KALLMARK 832,532.8,79,10,"A modern office named 'Office KALLMARK 832', designed with style and functionality in mind."
OFC-0332,Office TRÄNSUND 439,1012.19,63,1,"A modern office named 'Office TRÄNSUND 439', designed with style and functionality in mind."
OFC-0333,Office NORDBERG 264,215.11,54,1,"A modern office named 'Office NORDBERG 264', designed with style and functionality in mind."
OFC-0334,Office STRÅBERG 287,706.26,23,1,"A modern office named 'Office STRÅBERG 287', designed with style and functionality in mind."
OFC-0335,Office LUNDLUND 391,1146.41,69,1,"A modern office named 'Office LUNDLUND 391', designed with style and functionality in mind."
OFC-0336,Office LUNDMARK 699,590.66,81,10,"A modern office named 'Office LUNDMARK 699', designed with style and functionality in mind."
OFC-0337,Office KALLHOLM 238,909.41,45,1,"A modern office named 'Office KALLHOLM 238', designed with style and functionality in mind."
OFC-0338,Office VALLMARK 57,892.88,80,1,"A modern office named 'Office VALLMARK 57', designed with style and functionality in mind."
OFC-0339,Office STRÅTORP 908,100.99,69,5,"A modern office named 'Office STRÅTORP 908', designed with style and functionality in mind."
OFC-0340,Office BJÖRSKÄR 802,946.01,59,10,"A modern office named 'Office BJÖRSKÄR 802', designed with style and functionality in mind."
OFC-0341,Office HEMNBERG 98,205.08,91,10,"A modern office named 'Office HEMNBERG 98', designed with style and functionality in mind."
OFC-0342,Office MÖRKFORS 18,281.83,25,1,"A modern office named 'Office MÖRKFORS 18', designed with style and functionality in mind."
OFC-0343,Office VIKTVIK 308,642.69,69,10,"A modern office named 'Office VIKTVIK 308', designed with style and functionality in mind."
OFC-0344,Office ÄLVASKÄR 767,916.28,24,5,"A modern office named 'Office ÄLVASKÄR 767', designed with style and functionality in mind."
OFC-0345,Office ÄLVAVIK 485,947.97,83,5,"A modern office named 'Office ÄLVAVIK 485', designed with style and functionality in mind."
OFC-0346,Office VIKTLUND 515,969.24,55,10,"A modern office named 'Office VIKTLUND 515', designed with style and functionality in mind."
OFC-0347,Office VALLVIK 760,439.89,23,10,"A modern office named 'Office VALLVIK 760', designed with style and functionality in mind."
OFC-0348,Office MÖRKVIK 164,1112.96,66,5,"A modern office named 'Office MÖRKVIK 164', designed with style and functionality in mind."
OFC-0349,Office KALLDAL 34,538.17,55,2,"A modern office named 'Office KALLDAL 34', designed with style and functionality in mind."
OFC-0350,Office NORDMARK 364,167.99,41,5,"A modern office named 'Office NORDMARK 364', designed with style and functionality in mind."
ODC-0351,Outdoor SNÖRSTA 983,743.01,54,2,"A modern outdoor named 'Outdoor SNÖRSTA 983', designed with style and functionality in mind."
ODC-0352,Outdoor VIKTSTA 787,564.2,93,5,"A modern outdoor named 'Outdoor VIKTSTA 787', designed with style and functionality in mind."
ODC-0353,Outdoor SNÖRDAL 879,785.39,7,1,"A modern outdoor named 'Outdoor SNÖRDAL 879', designed with style and functionality in mind."
ODC-0354,Outdoor TRÄNSKÄR 116,640.05,95,2,"A modern outdoor named 'Outdoor TRÄNSKÄR 116', designed with style and functionality in mind."
ODC-0355,Outdoor NORDMARK 253,1025.97,86,10,"A modern outdoor named 'Outdoor NORDMARK 253', designed with style and functionality in mind."
ODC-0356,Outdoor STRÅFORS 994,127.32,99,5,"A modern outdoor named 'Outdoor STRÅFORS 994', designed with style and functionality in mind."
ODC-0357,Outdoor KALLHOLM 738,1141.89,4,2,"A modern outdoor named 'Outdoor KALLHOLM 738', designed with style and functionality in mind."
ODC-0358,Outdoor HEMNTORP 54,477.82,97,1,"A modern outdoor named 'Outdoor HEMNTORP 54', designed with style and functionality in mind."
ODC-0359,Outdoor NORDMARK 432,471.99,40,5,"A modern outdoor named 'Outdoor NORDMARK 432', designed with style and functionality in mind."
ODC-0360,Outdoor TRÄNBERG 479,79.8,23,10,"A modern outdoor named 'Outdoor TRÄNBERG 479', designed with style and functionality in mind."
ODC-0361,Outdoor TRÄNTORP 604,185.43,99,5,"A modern outdoor named 'Outdoor TRÄNTORP 604', designed with style and functionality in mind."
ODC-0362,Outdoor LUNDMARK 146,1195.82,36,10,"A modern outdoor named 'Outdoor LUNDMARK 146', designed with style and functionality in mind."
ODC-0363,Outdoor SNÖRDAL 86,206.09,9,10,"A modern outdoor named 'Outdoor SNÖRDAL 86', designed with style and functionality in mind."
ODC-0364,Outdoor ÄLVALUND 73,561.88,11,5,"A modern outdoor named 'Outdoor ÄLVALUND 73', designed with style and functionality in mind."
ODC-0365,Outdoor STRÅSUND 997,124.68,69,5,"A modern outdoor named 'Outdoor STRÅSUND 997', designed with style and functionality in mind."
ODC-0366,Outdoor FJÄRVIK 308,231.13,90,2,"A modern outdoor named 'Outdoor FJÄRVIK 308', designed with style and functionality in mind."
ODC-0367,Outdoor HEMNBERG 958,307.88,25,2,"A modern outdoor named 'Outdoor HEMNBERG 958', designed with style and functionality in mind."
ODC-0368,Outdoor VALLDAL 727,618.13,46,5,"A modern outdoor named 'Outdoor VALLDAL 727', designed with style and functionality in mind."
ODC-0369,Outdoor TRÄNBERG 335,1180.46,16,1,"A modern outdoor named 'Outdoor TRÄNBERG 335', designed with style and functionality in mind."
ODC-0370,Outdoor BJÖRSKÄR 249,507.88,91,10,"A modern outdoor named 'Outdoor BJÖRSKÄR 249', designed with style and functionality in mind."
ODC-0371,Outdoor LUNDVIK 149,520.85,73,1,"A modern outdoor named 'Outdoor LUNDVIK 149', designed with style and functionality in mind."
ODC-0372,Outdoor VALLLUND 121,788.69,57,10,"A modern outdoor named 'Outdoor VALLLUND 121', designed with style and functionality in mind."
ODC-0373,Outdoor FJÄRTORP 178,1059.65,99,2,"A modern outdoor named 'Outdoor FJÄRTORP 178', designed with style and functionality in mind."
ODC-0374,Outdoor BJÖRFORS 331,628.29,7,1,"A modern outdoor named 'Outdoor BJÖRFORS 331', designed with style and functionality in mind."
ODC-0375,Outdoor STRÅTORP 558,239.36,41,2,"A modern outdoor named 'Outdoor STRÅTORP 558', designed with style and functionality in mind."
ODT-0376,Outdoor VIKTVIK 472,1079.16,10,5,"A modern outdoor named 'Outdoor VIKTVIK 472', designed with style and functionality in mind."
ODT-0377,Outdoor HEMNFORS 281,1149.8,35,2,"A modern outdoor named 'Outdoor HEMNFORS 281', designed with style and functionality in mind."
ODT-0378,Outdoor LUNDTORP 171,663.5,64,2,"A modern outdoor named 'Outdoor LUNDTORP 171', designed with style and functionality in mind."
ODT-0379,Outdoor VALLSUND 321,807.54,92,5,"A modern outdoor named 'Outdoor VALLSUND 321', designed with style and functionality in mind."
ODT-0380,Outdoor TRÄNLUND 51,1043.35,10,1,"A modern outdoor named 'Outdoor TRÄNLUND 51', designed with style and functionality in mind."
ODT-0381,Outdoor NORDBERG 161,292.43,73,10,"A modern outdoor named 'Outdoor NORDBERG 161', designed with style and functionality in mind."
ODT-0382,Outdoor LUNDVIK 374,1072.35,69,5,"A modern outdoor named 'Outdoor LUNDVIK 374', designed with style and functionality in mind."
ODT-0383,Outdoor STRÅMARK 60,331.61,87,10,"A modern outdoor named 'Outdoor STRÅMARK 60', designed with style and functionality in mind."
ODT-0384,Outdoor SNÖRSKÄR 276,133.92,7,2,"A modern outdoor named 'Outdoor SNÖRSKÄR 276', designed with style and functionality in mind."
ODT-0385,Outdoor FJÄRSTA 984,606.89,26,5,"A modern outdoor named 'Outdoor FJÄRSTA 984', designed with style and functionality in mind."
ODT-0386,Outdoor STRÅFORS 579,1040.71,40,5,"A modern outdoor named 'Outdoor STRÅFORS 579', designed with style and functionality in mind."
ODT-0387,Outdoor TRÄNMARK 265,924.76,65,1,"A modern outdoor named 'Outdoor TRÄNMARK 265', designed with style and functionality in mind."
ODT-0388,Outdoor LUNDFORS 114,586.44,34,10,"A modern outdoor named 'Outdoor LUNDFORS 114', designed with style and functionality in mind."
ODT-0389,Outdoor VALLHOLM 134,161.33,37,10,"A modern outdoor named 'Outdoor VALLHOLM 134', designed with style and functionality in mind."
ODT-0390,Outdoor KALLSTA 860,1157.09,20,5,"A modern outdoor named 'Outdoor KALLSTA 860', designed with style and functionality in mind."
ODT-0391,Outdoor VALLVIK 143,927.59,63,10,"A modern outdoor named 'Outdoor VALLVIK 143', designed with style and functionality in mind."
ODT-0392,Outdoor NORDDAL 391,621.98,11,10,"A modern outdoor named 'Outdoor NORDDAL 391', designed with style and functionality in mind."
ODT-0393,Outdoor SNÖRSUND 970,297.42,45,1,"A modern outdoor named 'Outdoor SNÖRSUND 970', designed with style and functionality in mind."
ODT-0394,Outdoor SNÖRTORP 606,619.13,83,10,"A modern outdoor named 'Outdoor SNÖRTORP 606', designed with style and functionality in mind."
ODT-0395,Outdoor ÄLVASKÄR 949,59.4,13,10,"A modern outdoor named 'Outdoor ÄLVASKÄR 949', designed with style and functionality in mind."
ODT-0396,Outdoor LUNDSTA 76,886.63,97,10,"A modern outdoor named 'Outdoor LUNDSTA 76', designed with style and functionality in mind."
ODT-0397,Outdoor NORDSUND 464,510.67,72,2,"A modern outdoor named 'Outdoor NORDSUND 464', designed with style and functionality in mind."
ODT-0398,Outdoor VALLHOLM 104,381.89,49,10,"A modern outdoor named 'Outdoor VALLHOLM 104', designed with style and functionality in mind."
ODT-0399,Outdoor VALLBERG 135,1187.45,87,1,"A modern outdoor named 'Outdoor VALLBERG 135', designed with style and functionality in mind."
ODT-0400,Outdoor KALLFORS 61,502.99,43,5,"A modern outdoor named 'Outdoor KALLFORS 61', designed with style and functionality in mind."
RCL-0401,Recliner FJÄRLUND 453,742.83,51,1,"A modern recliner named 'Recliner FJÄRLUND 453', designed with style and functionality in mind."
RCL-0402,Recliner TRÄNDAL 518,207.59,42,10,"A modern recliner named 'Recliner TRÄNDAL 518', designed with style and functionality in mind."
RCL-0403,Recliner KALLDAL 709,747.2,65,2,"A modern recliner named 'Recliner KALLDAL 709', designed with style and functionality in mind."
RCL-0404,Recliner STRÅHOLM 372,416.31,50,5,"A modern recliner named 'Recliner STRÅHOLM 372', designed with style and functionality in mind."
RCL-0405,Recliner NORDHOLM 291,1002.53,68,10,"A modern recliner named 'Recliner NORDHOLM 291', designed with style and functionality in mind."
RCL-0406,Recliner HEMNFORS 914,988.11,47,5,"A modern recliner named 'Recliner HEMNFORS 914', designed with style and functionality in mind."
RCL-0407,Recliner FJÄRSTA 638,721.26,92,1,"A modern recliner named 'Recliner FJÄRSTA 638', designed with style and functionality in mind."
RCL-0408,Recliner ÄLVALUND 261,1162.13,100,2,"A modern recliner named 'Recliner ÄLVALUND 261', designed with style and functionality in mind."
RCL-0409,Recliner SNÖRSKÄR 520,602.52,67,10,"A modern recliner named 'Recliner SNÖRSKÄR 520', designed with style and functionality in mind."
RCL-0410,Recliner STRÅMARK 500,832.84,4,1,"A modern recliner named 'Recliner STRÅMARK 500', designed with style and functionality in mind."
RCL-0411,Recliner KALLTORP 296,557.19,53,2,"A modern recliner named 'Recliner KALLTORP 296', designed with style and functionality in mind."
RCL-0412,Recliner STRÅHOLM 439,284.48,64,10,"A modern recliner named 'Recliner STRÅHOLM 439', designed with style and functionality in mind."
RCL-0413,Recliner NORDSUND 915,208.79,26,5,"A modern recliner named 'Recliner NORDSUND 915', designed with style and functionality in mind."
RCL-0414,Recliner VALLMARK 265,483.35,22,10,"A modern recliner named 'Recliner VALLMARK 265', designed with style and functionality in mind."
RCL-0415,Recliner SNÖRMARK 823,457.43,98,5,"A modern recliner named 'Recliner SNÖRMARK 823', designed with style and functionality in mind."
RCL-0416,Recliner KALLDAL 810,1150.94,35,5,"A modern recliner named 'Recliner KALLDAL 810', designed with style and functionality in mind."
RCL-0417,Recliner TRÄNBERG 501,936.85,90,2,"A modern recliner named 'Recliner TRÄNBERG 501', designed with style and functionality in mind."
RCL-0418,Recliner MÖRKFORS 362,601.77,71,5,"A modern recliner named 'Recliner MÖRKFORS 362', designed with style and functionality in mind."
RCL-0419,Recliner ÄLVAMARK 339,709.5,69,10,"A modern recliner named 'Recliner ÄLVAMARK 339', designed with style and functionality in mind."
RCL-0420,Recliner STRÅSKÄR 194,446.9,98,2,"A modern recliner named 'Recliner STRÅSKÄR 194', designed with style and functionality in mind."
RCL-0421,Recliner KALLBERG 621,380.77,91,1,"A modern recliner named 'Recliner KALLBERG 621', designed with style and functionality in mind."
RCL-0422,Recliner NORDSTA 927,804.37,95,10,"A modern recliner named 'Recliner NORDSTA 927', designed with style and functionality in mind."
RCL-0423,Recliner VALLSKÄR 69,1002.14,34,5,"A modern recliner named 'Recliner VALLSKÄR 69', designed with style and functionality in mind."
RCL-0424,Recliner VALLFORS 552,758.03,75,2,"A modern recliner named 'Recliner VALLFORS 552', designed with style and functionality in mind."
RCL-0425,Recliner VIKTLUND 248,820.31,67,2,"A modern recliner named 'Recliner VIKTLUND 248', designed with style and functionality in mind."
LVS-0426,Loveseat FJÄRTORP 263,165.23,42,10,"A modern loveseat named 'Loveseat FJÄRTORP 263', designed with style and functionality in mind."
LVS-0427,Loveseat SNÖRVIK 282,936.38,0,2,"A modern loveseat named 'Loveseat SNÖRVIK 282', designed with style and functionality in mind."
LVS-0428,Loveseat MÖRKSTA 792,1125.29,60,10,"A modern loveseat named 'Loveseat MÖRKSTA 792', designed with style and functionality in mind."
LVS-0429,Loveseat NORDLUND 876,1158.5,41,5,"A modern loveseat named 'Loveseat NORDLUND 876', designed with style and functionality in mind."
LVS-0430,Loveseat VALLDAL 373,152.88,73,2,"A modern loveseat named 'Loveseat VALLDAL 373', designed with style and functionality in mind."
LVS-0431,Loveseat FJÄRHOLM 252,530.57,22,1,"A modern loveseat named 'Loveseat FJÄRHOLM 252', designed with style and functionality in mind."
LVS-0432,Loveseat ÄLVABERG 835,619.69,95,5,"A modern loveseat named 'Loveseat ÄLVABERG 835', designed with style and functionality in mind."
LVS-0433,Loveseat TRÄNBERG 945,393.15,77,1,"A modern loveseat named 'Loveseat TRÄNBERG 945', designed with style and functionality in mind."
LVS-0434,Loveseat ÄLVASTA 730,572.5,82,10,"A modern loveseat named 'Loveseat ÄLVASTA 730', designed with style and functionality in mind."
LVS-0435,Loveseat TRÄNBERG 980,629.84,34,2,"A modern loveseat named 'Loveseat TRÄNBERG 980', designed with style and functionality in mind."
LVS-0436,Loveseat ÄLVALUND 155,236.87,58,5,"A modern loveseat named 'Loveseat ÄLVALUND 155', designed with style and functionality in mind."
LVS-0437,Loveseat ÄLVAVIK 866,897.11,37,2,"A modern loveseat named 'Loveseat ÄLVAVIK 866', designed with style and functionality in mind."
LVS-0438,Loveseat VALLFORS 565,1034.57,51,10,"A modern loveseat named 'Loveseat VALLFORS 565', designed with style and functionality in mind."
LVS-0439,Loveseat HEMNHOLM 512,510.96,12,2,"A modern loveseat named 'Loveseat HEMNHOLM 512', designed with style and functionality in mind."
LVS-0440,Loveseat KALLTORP 67,422.14,31,1,"A modern loveseat named 'Loveseat KALLTORP 67', designed with style and functionality in mind."
LVS-0441,Loveseat NORDLUND 234,320.85,96,5,"A modern loveseat named 'Loveseat NORDLUND 234', designed with style and functionality in mind."
LVS-0442,Loveseat KALLMARK 499,719.83,73,1,"A modern loveseat named 'Loveseat KALLMARK 499', designed with style and functionality in mind."
LVS-0443,Loveseat KALLBERG 949,463.48,30,1,"A modern loveseat named 'Loveseat KALLBERG 949', designed with style and functionality in mind."
LVS-0444,Loveseat ÄLVAVIK 835,402.83,51,5,"A modern loveseat named 'Loveseat ÄLVAVIK 835', designed with style and functionality in mind."
LVS-0445,Loveseat FJÄRBERG 744,1103.55,37,5,"A modern loveseat named 'Loveseat FJÄRBERG 744', designed with style and functionality in mind."
LVS-0446,Loveseat FJÄRBERG 70,1150.96,61,2,"A modern loveseat named 'Loveseat FJÄRBERG 70', designed with style and functionality in mind."
LVS-0447,Loveseat KALLHOLM 610,1187.16,47,10,"A modern loveseat named 'Loveseat KALLHOLM 610', designed with style and functionality in mind."
LVS-0448,Loveseat TRÄNHOLM 802,668.15,85,2,"A modern loveseat named 'Loveseat TRÄNHOLM 802', designed with style and functionality in mind."
LVS-0449,Loveseat LUNDMARK 891,917.95,100,1,"A modern loveseat named 'Loveseat LUNDMARK 891', designed with style and functionality in mind."
LVS-0450,Loveseat VIKTTORP 392,859.33,9,1,"A modern loveseat named 'Loveseat VIKTTORP 392', designed with style and functionality in mind."
OTM-0451,Ottoman TRÄNSUND 415,679.8,64,2,"A modern ottoman named 'Ottoman TRÄNSUND 415', designed with style and functionality in mind."
OTM-0452,Ottoman ÄLVATORP 354,427.34,66,10,"A modern ottoman named 'Ottoman ÄLVATORP 354', designed with style and functionality in mind."
OTM-0453,Ottoman HEMNBERG 149,286.21,74,10,"A modern ottoman named 'Ottoman HEMNBERG 149', designed with style and functionality in mind."
OTM-0454,Ottoman FJÄRDAL 820,562.31,7,10,"A modern ottoman named 'Ottoman FJÄRDAL 820', designed with style and functionality in mind."
OTM-0455,Ottoman SNÖRFORS 674,527.74,72,1,"A modern ottoman named 'Ottoman SNÖRFORS 674', designed with style and functionality in mind."
OTM-0456,Ottoman VIKTHOLM 734,977.95,92,1,"A modern ottoman named 'Ottoman VIKTHOLM 734', designed with style and functionality in mind."
OTM-0457,Ottoman MÖRKLUND 815,988.92,95,2,"A modern ottoman named 'Ottoman MÖRKLUND 815', designed with style and functionality in mind."
OTM-0458,Ottoman VIKTVIK 691,537.25,89,1,"A modern ottoman named 'Ottoman VIKTVIK 691', designed with style and functionality in mind."
OTM-0459,Ottoman ÄLVAHOLM 397,1184.06,60,1,"A modern ottoman named 'Ottoman ÄLVAHOLM 397', designed with style and functionality in mind."
OTM-0460,Ottoman HEMNSKÄR 140,256.98,17,10,"A modern ottoman named 'Ottoman HEMNSKÄR 140', designed with style and functionality in mind."
OTM-0461,Ottoman FJÄRSTA 981,565.82,48,10,"A modern ottoman named 'Ottoman FJÄRSTA 981', designed with style and functionality in mind."
OTM-0462,Ottoman TRÄNLUND 410,1158.77,69,2,"A modern ottoman named 'Ottoman TRÄNLUND 410', designed with style and functionality in mind."
OTM-0463,Ottoman VALLLUND 43,255.24,68,10,"A modern ottoman named 'Ottoman VALLLUND 43', designed with style and functionality in mind."
OTM-0464,Ottoman FJÄRLUND 335,1175.53,0,1,"A modern ottoman named 'Ottoman FJÄRLUND 335', designed with style and functionality in mind."
OTM-0465,Ottoman VALLLUND 236,824.52,69,10,"A modern ottoman named 'Ottoman VALLLUND 236', designed with style and functionality in mind."
OTM-0466,Ottoman SNÖRLUND 116,314.11,58,5,"A modern ottoman named 'Ottoman SNÖRLUND 116', designed with style and functionality in mind."
OTM-0467,Ottoman BJÖRHOLM 349,266.75,92,1,"A modern ottoman named 'Ottoman BJÖRHOLM 349', designed with style and functionality in mind."
OTM-0468,Ottoman TRÄNTORP 253,809.23,78,1,"A modern ottoman named 'Ottoman TRÄNTORP 253', designed with style and functionality in mind."
OTM-0469,Ottoman VIKTBERG 181,127.38,76,1,"A modern ottoman named 'Ottoman VIKTBERG 181', designed with style and functionality in mind."
OTM-0470,Ottoman SNÖRTORP 851,822.83,6,2,"A modern ottoman named 'Ottoman SNÖRTORP 851', designed with style and functionality in mind."
OTM-0471,Ottoman TRÄNSUND 664,554.81,69,2,"A modern ottoman named 'Ottoman TRÄNSUND 664', designed with style and functionality in mind."
OTM-0472,Ottoman TRÄNBERG 467,629.48,37,2,"A modern ottoman named 'Ottoman TRÄNBERG 467', designed with style and functionality in mind."
OTM-0473,Ottoman KALLSKÄR 224,737.61,86,5,"A modern ottoman named 'Ottoman KALLSKÄR 224', designed with style and functionality in mind."
OTM-0474,Ottoman NORDTORP 368,1057.7,84,2,"A modern ottoman named 'Ottoman NORDTORP 368', designed with style and functionality in mind."
OTM-0475,Ottoman HEMNTORP 747,366.43,71,2,"A modern ottoman named 'Ottoman HEMNTORP 747', designed with style and functionality in mind."
CST-0476,Console KALLSTA 405,619.96,44,10,"A modern console named 'Console KALLSTA 405', designed with style and functionality in mind."
CST-0477,Console BJÖRDAL 180,528.77,19,5,"A modern console named 'Console BJÖRDAL 180', designed with style and functionality in mind."
CST-0478,Console STRÅFORS 912,917.58,60,2,"A modern console named 'Console STRÅFORS 912', designed with style and functionality in mind."
CST-0479,Console STRÅBERG 569,1036.17,18,10,"A modern console named 'Console STRÅBERG 569', designed with style and functionality in mind."
CST-0480,Console STRÅTORP 858,524.58,53,2,"A modern console named 'Console STRÅTORP 858', designed with style and functionality in mind."
CST-0481,Console BJÖRLUND 676,343.24,42,1,"A modern console named 'Console BJÖRLUND 676', designed with style and functionality in mind."
CST-0482,Console VALLSUND 240,476.74,68,2,"A modern console named 'Console VALLSUND 240', designed with style and functionality in mind."
CST-0483,Console FJÄRFORS 85,483.74,77,1,"A modern console named 'Console FJÄRFORS 85', designed with style and functionality in mind."
CST-0484,Console VALLSTA 311,975.35,75,2,"A modern console named 'Console VALLSTA 311', designed with style and functionality in mind."
CST-0485,Console KALLBERG 277,1049.89,42,5,"A modern console named 'Console KALLBERG 277', designed with style and functionality in mind."
CST-0486,Console LUNDTORP 360,1127.73,94,1,"A modern console named 'Console LUNDTORP 360', designed with style and functionality in mind."
CST-0487,Console FJÄRDAL 174,849.97,90,2,"A modern console named 'Console FJÄRDAL 174', designed with style and functionality in mind."
CST-0488,Console TRÄNTORP 570,684.89,99,5,"A modern console named 'Console TRÄNTORP 570', designed with style and functionality in mind."
CST-0489,Console LUNDBERG 618,663.7,45,5,"A modern console named 'Console LUNDBERG 618', designed with style and functionality in mind."
CST-0490,Console ÄLVAFORS 731,639.74,63,10,"A modern console named 'Console ÄLVAFORS 731', designed with style and functionality in mind."
CST-0491,Console KALLDAL 975,1178.52,60,5,"A modern console named 'Console KALLDAL 975', designed with style and functionality in mind."
CST-0492,Console SNÖRHOLM 631,409.86,5,2,"A modern console named 'Console SNÖRHOLM 631', designed with style and functionality in mind."
CST-0493,Console STRÅHOLM 64,349.89,74,10,"A modern console named 'Console STRÅHOLM 64', designed with style and functionality in mind."
CST-0494,Console LUNDBERG 220,275.62,29,10,"A modern console named 'Console LUNDBERG 220', designed with style and functionality in mind."
CST-0495,Console NORDDAL 723,683.24,87,5,"A modern console named 'Console NORDDAL 723', designed with style and functionality in mind."
CST-0496,Console MÖRKMARK 281,994.83,92,10,"A modern console named 'Console MÖRKMARK 281', designed with style and functionality in mind."
CST-0497,Console SNÖRSKÄR 314,892.69,45,2,"A modern console named 'Console SNÖRSKÄR 314', designed with style and functionality in mind."
CST-0498,Console NORDTORP 60,678.53,23,1,"A modern console named 'Console NORDTORP 60', designed with style and functionality in mind."
CST-0499,Console STRÅLUND 572,1023.7,85,1,"A modern console named 'Console STRÅLUND 572', designed with style and functionality in mind."
CST-0500,Console BJÖRHOLM 65,208.12,80,2,"A modern console named 'Console BJÖRHOLM 65', designed with style and functionality in mind."
